cell_sha,alpha,beta,gamma,p_skills,seed,final_reward,status,elapsed_s
4d9461ad6ec2,0.5,0.5,0.0,-10.0,42,-0.3200000082142651,ok,11.086738665937446
4d9461ad6ec2,0.5,0.5,0.0,-10.0,7,-0.2577777630649507,ok,10.07760512502864
4d9461ad6ec2,0.5,0.5,0.0,-10.0,123,-0.32000001735286787,ok,10.788883958011866
4d9461ad6ec2,0.5,0.5,0.0,-10.0,314,-0.33330580359324813,ok,10.80498929193709
4d9461ad6ec2,0.5,0.5,0.0,-10.0,271,-0.3200000145006925,ok,13.27223420899827
6bd71ae5a58a,0.5,0.5,0.0,-5.0,42,-0.3200000082142651,ok,10.67052954097744
6bd71ae5a58a,0.5,0.5,0.0,-5.0,7,-0.2577777630649507,ok,10.674040875048377
6bd71ae5a58a,0.5,0.5,0.0,-5.0,123,-0.32000001735286787,ok,10.787124583031982
6bd71ae5a58a,0.5,0.5,0.0,-5.0,314,-0.33330580359324813,ok,10.931982333073393
6bd71ae5a58a,0.5,0.5,0.0,-5.0,271,-0.3200000145006925,ok,13.578434790950269
7020e68b9384,0.5,0.5,0.0,-1.0,42,-0.3200000082142651,ok,10.879089874913916
7020e68b9384,0.5,0.5,0.0,-1.0,7,-0.2577777630649507,ok,11.681861958000809
7020e68b9384,0.5,0.5,0.0,-1.0,123,-0.32000001735286787,ok,10.252089417073876
7020e68b9384,0.5,0.5,0.0,-1.0,314,-0.33330580359324813,ok,10.578571417019702
7020e68b9384,0.5,0.5,0.0,-1.0,271,-0.3200000145006925,ok,13.100322917103767
41246c47cc34,0.5,0.5,0.5,-10.0,42,-0.12000002199783921,ok,10.04916887509171
41246c47cc34,0.5,0.5,0.5,-10.0,7,-0.11999997519887984,ok,10.374315500026569
41246c47cc34,0.5,0.5,0.5,-10.0,123,-0.1200000150129199,ok,10.39838529098779
41246c47cc34,0.5,0.5,0.5,-10.0,314,-0.21512392454314977,ok,10.203329416923225
41246c47cc34,0.5,0.5,0.5,-10.0,271,-0.12000005121808499,ok,13.430087332963012
3cfee807f671,0.5,0.5,0.5,-5.0,42,-0.12000002199783921,ok,10.334304208983667
3cfee807f671,0.5,0.5,0.5,-5.0,7,-0.11999997519887984,ok,10.45432133297436
3cfee807f671,0.5,0.5,0.5,-5.0,123,-0.1200000150129199,ok,10.047002749983221
3cfee807f671,0.5,0.5,0.5,-5.0,314,-0.21512392454314977,ok,10.713313291082159
3cfee807f671,0.5,0.5,0.5,-5.0,271,-0.12000005121808499,ok,13.214872249984182
e3880f058a8c,0.5,0.5,0.5,-1.0,42,-0.12000002199783921,ok,10.405251333024353
e3880f058a8c,0.5,0.5,0.5,-1.0,7,-0.11999997519887984,ok,10.182662291103043
e3880f058a8c,0.5,0.5,0.5,-1.0,123,-0.1200000150129199,ok,10.494087125058286
e3880f058a8c,0.5,0.5,0.5,-1.0,314,-0.21512392454314977,ok,10.648245624965057
e3880f058a8c,0.5,0.5,0.5,-1.0,271,-0.12000005121808499,ok,13.4733459999552
b87928b70cd8,0.5,0.5,1.0,-10.0,42,0.0800000112503767,ok,10.515068416949362
b87928b70cd8,0.5,0.5,1.0,-10.0,7,0.08000002824701369,ok,10.40903979097493
b87928b70cd8,0.5,0.5,1.0,-10.0,123,0.08000005758367479,ok,10.506582541042008
b87928b70cd8,0.5,0.5,1.0,-10.0,314,-0.09694212942849845,ok,10.437574708019383
b87928b70cd8,0.5,0.5,1.0,-10.0,271,0.08000000391621143,ok,13.112606707960367
6bf2a35ef821,0.5,0.5,1.0,-5.0,42,0.0800000112503767,ok,11.130790292052552
6bf2a35ef821,0.5,0.5,1.0,-5.0,7,0.08000002824701369,ok,11.24657629209105
6bf2a35ef821,0.5,0.5,1.0,-5.0,123,0.08000005758367479,ok,9.87156112503726
6bf2a35ef821,0.5,0.5,1.0,-5.0,314,-0.09694212942849845,ok,9.416238124947995
6bf2a35ef821,0.5,0.5,1.0,-5.0,271,0.08000000391621143,ok,12.458887042012066
483d2f567a6d,0.5,0.5,1.0,-1.0,42,0.0800000112503767,ok,10.042039457941428
483d2f567a6d,0.5,0.5,1.0,-1.0,7,0.08000002824701369,ok,9.206520625040866
483d2f567a6d,0.5,0.5,1.0,-1.0,123,0.08000005758367479,ok,9.148791957995854
483d2f567a6d,0.5,0.5,1.0,-1.0,314,-0.09694212942849845,ok,9.267805082956329
483d2f567a6d,0.5,0.5,1.0,-1.0,271,0.08000000391621143,ok,12.235683333012275
7ead0f0f0871,0.5,1.0,0.0,-10.0,42,-0.42000001575797796,ok,9.355414416990243
7ead0f0f0871,0.5,1.0,0.0,-10.0,7,-0.4077777413185686,ok,9.577630750020035
7ead0f0f0871,0.5,1.0,0.0,-10.0,123,-0.4200000697746873,ok,9.419515374931507
7ead0f0f0871,0.5,1.0,0.0,-10.0,314,-0.48330582585185766,ok,9.162267416948453
7ead0f0f0871,0.5,1.0,0.0,-10.0,271,-0.4200000046985224,ok,12.315258582937531
a2f187189836,0.5,1.0,0.0,-5.0,42,-0.42000001575797796,ok,9.470521125011146
a2f187189836,0.5,1.0,0.0,-5.0,7,-0.4077777413185686,ok,9.317483958904631
a2f187189836,0.5,1.0,0.0,-5.0,123,-0.4200000697746873,ok,9.41656145802699
a2f187189836,0.5,1.0,0.0,-5.0,314,-0.48330582585185766,ok,9.330648125032894
a2f187189836,0.5,1.0,0.0,-5.0,271,-0.4200000046985224,ok,12.361223499989137
805a8d85a917,0.5,1.0,0.0,-1.0,42,-0.42000001575797796,ok,9.868458000011742
805a8d85a917,0.5,1.0,0.0,-1.0,7,-0.4077777413185686,ok,9.917842166963965
805a8d85a917,0.5,1.0,0.0,-1.0,123,-0.4200000697746873,ok,9.190017916960642
805a8d85a917,0.5,1.0,0.0,-1.0,314,-0.48330582585185766,ok,9.401870250003412
805a8d85a917,0.5,1.0,0.0,-1.0,271,-0.4200000046985224,ok,12.076010791002773
2d7470a0b609,0.5,1.0,0.5,-10.0,42,-0.2200000211596489,ok,10.00118499994278
2d7470a0b609,0.5,1.0,0.5,-10.0,7,-0.22000000393018126,ok,9.248352499911562
2d7470a0b609,0.5,1.0,0.5,-10.0,123,-0.21999998134560883,ok,9.253846833016723
2d7470a0b609,0.5,1.0,0.5,-10.0,314,-0.365124000236392,ok,9.707822500029579
2d7470a0b609,0.5,1.0,0.5,-10.0,271,-0.22000006563030183,ok,12.175054708030075
ebafd3394a2a,0.5,1.0,0.5,-5.0,42,-0.2200000211596489,ok,8.985449624946341
ebafd3394a2a,0.5,1.0,0.5,-5.0,7,-0.22000000393018126,ok,9.541883458034135
ebafd3394a2a,0.5,1.0,0.5,-5.0,123,-0.21999998134560883,ok,9.671567916986533
ebafd3394a2a,0.5,1.0,0.5,-5.0,314,-0.365124000236392,ok,9.186008583987132
ebafd3394a2a,0.5,1.0,0.5,-5.0,271,-0.22000006563030183,ok,12.198489291011356
3990f619fed2,0.5,1.0,0.5,-1.0,42,-0.2200000211596489,ok,10.32586799992714
3990f619fed2,0.5,1.0,0.5,-1.0,7,-0.22000000393018126,ok,9.665461124968715
3990f619fed2,0.5,1.0,0.5,-1.0,123,-0.21999998134560883,ok,10.105340459034778
3990f619fed2,0.5,1.0,0.5,-1.0,314,-0.365124000236392,ok,9.59737391595263
3990f619fed2,0.5,1.0,0.5,-1.0,271,-0.22000006563030183,ok,12.81502283399459
0f7e573e84a0,0.5,1.0,1.0,-10.0,42,-0.01999997766688466,ok,9.53752470901236
0f7e573e84a0,0.5,1.0,1.0,-10.0,7,-0.01999998325482011,ok,9.253108958015218
0f7e573e84a0,0.5,1.0,1.0,-10.0,123,-0.01655176968779415,ok,9.387368791969493
0f7e573e84a0,0.5,1.0,1.0,-10.0,314,-0.24694208451546729,ok,10.45366316603031
0f7e573e84a0,0.5,1.0,1.0,-10.0,271,-0.020000053336843848,ok,12.19149449991528
8ed2cc92ed97,0.5,1.0,1.0,-5.0,42,-0.01999997766688466,ok,9.712673165951855
8ed2cc92ed97,0.5,1.0,1.0,-5.0,7,-0.01999998325482011,ok,9.278824875014834
8ed2cc92ed97,0.5,1.0,1.0,-5.0,123,-0.01655176968779415,ok,9.301062749931589
8ed2cc92ed97,0.5,1.0,1.0,-5.0,314,-0.24694208451546729,ok,9.451265292009339
8ed2cc92ed97,0.5,1.0,1.0,-5.0,271,-0.020000053336843848,ok,12.700599875068292
08f03c0647e6,0.5,1.0,1.0,-1.0,42,-0.01999997766688466,ok,9.309578707907349
08f03c0647e6,0.5,1.0,1.0,-1.0,7,-0.01999998325482011,ok,9.386282874969766
08f03c0647e6,0.5,1.0,1.0,-1.0,123,-0.01655176968779415,ok,11.83046591700986
08f03c0647e6,0.5,1.0,1.0,-1.0,314,-0.24694208451546729,ok,10.017217959044501
08f03c0647e6,0.5,1.0,1.0,-1.0,271,-0.020000053336843848,ok,15.448647542041726
88b5692ce9e6,0.5,2.0,0.0,-10.0,42,-0.6200000087555964,ok,10.213876624940895
88b5692ce9e6,0.5,2.0,0.0,-10.0,7,-0.7077776927035302,ok,9.838620249996893
88b5692ce9e6,0.5,2.0,0.0,-10.0,123,-0.6200000760145485,ok,9.926618208992295
88b5692ce9e6,0.5,2.0,0.0,-10.0,314,-0.7833058153046295,ok,9.45021362497937
88b5692ce9e6,0.5,2.0,0.0,-10.0,271,-0.6199999836971983,ok,12.653117957990617
af16f278a055,0.5,2.0,0.0,-5.0,42,-0.6200000087555964,ok,9.31799262505956
af16f278a055,0.5,2.0,0.0,-5.0,7,-0.7077776927035302,ok,9.481584457913414
af16f278a055,0.5,2.0,0.0,-5.0,123,-0.6200000760145485,ok,9.47758537507616
af16f278a055,0.5,2.0,0.0,-5.0,314,-0.7833058153046295,ok,9.42400150001049
af16f278a055,0.5,2.0,0.0,-5.0,271,-0.6199999836971983,ok,12.23994183295872
d2e882e66e59,0.5,2.0,0.0,-1.0,42,-0.6200000087555964,ok,9.589021750027314
d2e882e66e59,0.5,2.0,0.0,-1.0,7,-0.7077776927035302,ok,9.472520124982111
d2e882e66e59,0.5,2.0,0.0,-1.0,123,-0.6200000760145485,ok,9.56481170898769
d2e882e66e59,0.5,2.0,0.0,-1.0,314,-0.7833058153046295,ok,9.386998584028333
d2e882e66e59,0.5,2.0,0.0,-1.0,271,-0.6199999836971983,ok,12.466470708022825
36bf5d7848c4,0.5,2.0,0.5,-10.0,42,-0.41999998909886926,ok,9.467632167041302
36bf5d7848c4,0.5,2.0,0.5,-10.0,7,-0.40777771081775427,ok,9.478705125045963
36bf5d7848c4,0.5,2.0,0.5,-10.0,123,-0.42000007070600986,ok,9.449412249960005
36bf5d7848c4,0.5,2.0,0.5,-10.0,314,-0.6651240293867886,ok,9.503646166995168
36bf5d7848c4,0.5,2.0,0.5,-10.0,271,-0.42000005720183253,ok,13.058704999973997
d75f7b64ad6a,0.5,2.0,0.5,-5.0,42,-0.41999998909886926,ok,9.857440083986148
d75f7b64ad6a,0.5,2.0,0.5,-5.0,7,-0.40777771081775427,ok,9.476560791023076
d75f7b64ad6a,0.5,2.0,0.5,-5.0,123,-0.42000007070600986,ok,9.322535500046797
d75f7b64ad6a,0.5,2.0,0.5,-5.0,314,-0.6651240293867886,ok,9.735220749978907
d75f7b64ad6a,0.5,2.0,0.5,-5.0,271,-0.42000005720183253,ok,15.312561208964325
9a306bd6d062,0.5,2.0,0.5,-1.0,42,-0.41999998909886926,ok,11.971213042037562
9a306bd6d062,0.5,2.0,0.5,-1.0,7,-0.40777771081775427,ok,12.138549915980548
9a306bd6d062,0.5,2.0,0.5,-1.0,123,-0.42000007070600986,ok,10.110022499924526
9a306bd6d062,0.5,2.0,0.5,-1.0,314,-0.6651240293867886,ok,9.940753999981098
9a306bd6d062,0.5,2.0,0.5,-1.0,271,-0.42000005720183253,ok,13.827497708960436
9ab4ca8cd98c,0.5,2.0,1.0,-10.0,42,-0.22000005654990673,ok,10.053179750102572
9ab4ca8cd98c,0.5,2.0,1.0,-10.0,7,-0.21999997552484274,ok,9.323111625039019
9ab4ca8cd98c,0.5,2.0,1.0,-10.0,123,-0.21999993571080267,ok,9.759968709084205
9ab4ca8cd98c,0.5,2.0,1.0,-10.0,314,-0.295277766417712,ok,9.396199082955718
9ab4ca8cd98c,0.5,2.0,1.0,-10.0,271,-0.22000001603737473,ok,12.071578500093892
9b7617ddfe0d,0.5,2.0,1.0,-5.0,42,-0.22000005654990673,ok,9.736098416964523
9b7617ddfe0d,0.5,2.0,1.0,-5.0,7,-0.21999997552484274,ok,9.718524417025037
9b7617ddfe0d,0.5,2.0,1.0,-5.0,123,-0.21999993571080267,ok,9.24418283405248
9b7617ddfe0d,0.5,2.0,1.0,-5.0,314,-0.295277766417712,ok,9.717167042079382
9b7617ddfe0d,0.5,2.0,1.0,-5.0,271,-0.22000001603737473,ok,11.796740915975533
e3f5e2e6e1e7,0.5,2.0,1.0,-1.0,42,-0.22000005654990673,ok,9.245260708034039
e3f5e2e6e1e7,0.5,2.0,1.0,-1.0,7,-0.21999997552484274,ok,9.515906040905975
e3f5e2e6e1e7,0.5,2.0,1.0,-1.0,123,-0.21999993571080267,ok,9.319414499914274
e3f5e2e6e1e7,0.5,2.0,1.0,-1.0,314,-0.295277766417712,ok,9.022133207996376
e3f5e2e6e1e7,0.5,2.0,1.0,-1.0,271,-0.22000001603737473,ok,12.009135207976215
b21b047ed3c3,1.0,0.5,0.0,-10.0,42,-0.5399999977089465,ok,9.444443957996555
b21b047ed3c3,1.0,0.5,0.0,-10.0,7,-0.36555555486120284,ok,9.251494374941103
b21b047ed3c3,1.0,0.5,0.0,-10.0,123,-0.5400000151712447,ok,9.175236957962625
b21b047ed3c3,1.0,0.5,0.0,-10.0,314,-0.5166115610627457,ok,9.131263166898862
b21b047ed3c3,1.0,0.5,0.0,-10.0,271,-0.5400000155204907,ok,12.807461083051749
ba5a22ac9eb2,1.0,0.5,0.0,-5.0,42,-0.5399999977089465,ok,10.565188416978344
ba5a22ac9eb2,1.0,0.5,0.0,-5.0,7,-0.36555555486120284,ok,10.938602791982703
ba5a22ac9eb2,1.0,0.5,0.0,-5.0,123,-0.5400000151712447,ok,10.031277041998692
ba5a22ac9eb2,1.0,0.5,0.0,-5.0,314,-0.5166115610627457,ok,10.352781999972649
ba5a22ac9eb2,1.0,0.5,0.0,-5.0,271,-0.5400000155204907,ok,12.782393167028204
11adc5fcbf19,1.0,0.5,0.0,-1.0,42,-0.5399999977089465,ok,11.313461541081779
11adc5fcbf19,1.0,0.5,0.0,-1.0,7,-0.36555555486120284,ok,9.683561290963553
11adc5fcbf19,1.0,0.5,0.0,-1.0,123,-0.5400000151712447,ok,9.292858915985562
11adc5fcbf19,1.0,0.5,0.0,-1.0,314,-0.5166115610627457,ok,11.34131141693797
11adc5fcbf19,1.0,0.5,0.0,-1.0,271,-0.5400000155204907,ok,13.418877375079319
2e71874b67e0,1.0,0.5,0.5,-10.0,42,-0.33999999053776264,ok,10.929539291071706
2e71874b67e0,1.0,0.5,0.5,-10.0,7,-0.3400000093970448,ok,11.775863375049084
2e71874b67e0,1.0,0.5,0.5,-10.0,123,-0.3399999688845128,ok,9.704013583948836
2e71874b67e0,1.0,0.5,0.5,-10.0,314,-0.3984297516290098,ok,9.722927125054412
2e71874b67e0,1.0,0.5,0.5,-10.0,271,-0.3400000404799357,ok,12.341188417049125
d96f8bda51f3,1.0,0.5,0.5,-5.0,42,-0.33999999053776264,ok,9.173703083069995
d96f8bda51f3,1.0,0.5,0.5,-5.0,7,-0.3400000093970448,ok,9.727735875057988
d96f8bda51f3,1.0,0.5,0.5,-5.0,123,-0.3399999688845128,ok,9.573751750052907
d96f8bda51f3,1.0,0.5,0.5,-5.0,314,-0.3984297516290098,ok,9.149905207916163
d96f8bda51f3,1.0,0.5,0.5,-5.0,271,-0.3400000404799357,ok,12.604272541939281
bb802175ee44,1.0,0.5,0.5,-1.0,42,-0.33999999053776264,ok,9.381038916064426
bb802175ee44,1.0,0.5,0.5,-1.0,7,-0.3400000093970448,ok,9.475239541963674
bb802175ee44,1.0,0.5,0.5,-1.0,123,-0.3399999688845128,ok,9.456743416027166
bb802175ee44,1.0,0.5,0.5,-1.0,314,-0.3984297516290098,ok,9.589452208019793
bb802175ee44,1.0,0.5,0.5,-1.0,271,-0.3400000404799357,ok,13.01347391703166
4b3d20034c5b,1.0,0.5,1.0,-10.0,42,-0.14000000525265932,ok,9.725678750080988
4b3d20034c5b,1.0,0.5,1.0,-10.0,7,-0.14000000921078026,ok,9.290920667001046
4b3d20034c5b,1.0,0.5,1.0,-10.0,123,-0.13999997987411916,ok,8.901474375044927
4b3d20034c5b,1.0,0.5,1.0,-10.0,314,-0.28024787176400423,ok,9.552427874994464
4b3d20034c5b,1.0,0.5,1.0,-10.0,271,-0.14000006567221135,ok,12.062524041975848
d286c984de62,1.0,0.5,1.0,-5.0,42,-0.14000000525265932,ok,9.445744374999776
d286c984de62,1.0,0.5,1.0,-5.0,7,-0.14000000921078026,ok,9.090211250004359
d286c984de62,1.0,0.5,1.0,-5.0,123,-0.13999997987411916,ok,8.989337167004123
d286c984de62,1.0,0.5,1.0,-5.0,314,-0.28024787176400423,ok,9.05998858390376
d286c984de62,1.0,0.5,1.0,-5.0,271,-0.14000006567221135,ok,12.02300220890902
eb0e05fc002a,1.0,0.5,1.0,-1.0,42,-0.14000000525265932,ok,9.36845229100436
eb0e05fc002a,1.0,0.5,1.0,-1.0,7,-0.14000000921078026,ok,8.980078874970786
eb0e05fc002a,1.0,0.5,1.0,-1.0,123,-0.13999997987411916,ok,9.015249999938533
eb0e05fc002a,1.0,0.5,1.0,-1.0,314,-0.28024787176400423,ok,9.26891862496268
eb0e05fc002a,1.0,0.5,1.0,-1.0,271,-0.14000006567221135,ok,11.951263332972303
32d33916753f,1.0,1.0,0.0,-10.0,42,-0.6400000164285302,ok,9.100285124965012
32d33916753f,1.0,1.0,0.0,-10.0,7,-0.5155555261299014,ok,9.078468665946275
32d33916753f,1.0,1.0,0.0,-10.0,123,-0.6399999955901876,ok,9.063970500021242
32d33916753f,1.0,1.0,0.0,-10.0,314,-0.6666116071864963,ok,8.92198391596321
32d33916753f,1.0,1.0,0.0,-10.0,271,-0.640000029001385,ok,12.206517333979718
effc4debc10f,1.0,1.0,0.0,-5.0,42,-0.6400000164285302,ok,9.204883750062436
effc4debc10f,1.0,1.0,0.0,-5.0,7,-0.5155555261299014,ok,9.421743915998377
effc4debc10f,1.0,1.0,0.0,-5.0,123,-0.6399999955901876,ok,11.001519749988802
effc4debc10f,1.0,1.0,0.0,-5.0,314,-0.6666116071864963,ok,11.131989957997575
effc4debc10f,1.0,1.0,0.0,-5.0,271,-0.640000029001385,ok,13.301867916015908
8ba635e2c607,1.0,1.0,0.0,-1.0,42,-0.6400000164285302,ok,10.932455249945633
8ba635e2c607,1.0,1.0,0.0,-1.0,7,-0.5155555261299014,ok,10.172906791907735
8ba635e2c607,1.0,1.0,0.0,-1.0,123,-0.6399999955901876,ok,9.849249082966708
8ba635e2c607,1.0,1.0,0.0,-1.0,314,-0.6666116071864963,ok,10.834280624985695
8ba635e2c607,1.0,1.0,0.0,-1.0,271,-0.640000029001385,ok,13.508334416081198
ee6208473b51,1.0,1.0,0.5,-10.0,42,-0.440000026486814,ok,10.18127637496218
ee6208473b51,1.0,1.0,0.5,-10.0,7,-0.4400000832974911,ok,9.671697207959369
ee6208473b51,1.0,1.0,0.5,-10.0,123,-0.4399999235756695,ok,9.237867124960758
ee6208473b51,1.0,1.0,0.5,-10.0,314,-0.5484297873917967,ok,9.17021362495143
ee6208473b51,1.0,1.0,0.5,-10.0,271,-0.4400000439491123,ok,12.286440124968067
8b1976b1dd11,1.0,1.0,0.5,-5.0,42,-0.440000026486814,ok,9.345501000061631
8b1976b1dd11,1.0,1.0,0.5,-5.0,7,-0.4400000832974911,ok,9.030325333005749
8b1976b1dd11,1.0,1.0,0.5,-5.0,123,-0.4399999235756695,ok,8.99858970893547
8b1976b1dd11,1.0,1.0,0.5,-5.0,314,-0.5484297873917967,ok,9.108230207930319
8b1976b1dd11,1.0,1.0,0.5,-5.0,271,-0.4400000439491123,ok,11.86044816696085
bef40d33fc77,1.0,1.0,0.5,-1.0,42,-0.440000026486814,ok,8.923774708993733
bef40d33fc77,1.0,1.0,0.5,-1.0,7,-0.4400000832974911,ok,8.981909457943402
bef40d33fc77,1.0,1.0,0.5,-1.0,123,-0.4399999235756695,ok,9.338031874969602
bef40d33fc77,1.0,1.0,0.5,-1.0,314,-0.5484297873917967,ok,8.91849762503989
bef40d33fc77,1.0,1.0,0.5,-1.0,271,-0.4400000439491123,ok,12.017656416981481
c215088a1ddc,1.0,1.0,1.0,-10.0,42,-0.24000004399567842,ok,9.176141333999112
c215088a1ddc,1.0,1.0,1.0,-10.0,7,-0.23999995039775968,ok,8.876063750009052
c215088a1ddc,1.0,1.0,1.0,-10.0,123,-0.2400000155903399,ok,8.848230124916881
c215088a1ddc,1.0,1.0,1.0,-10.0,314,-0.43024784908629954,ok,8.785170583985746
c215088a1ddc,1.0,1.0,1.0,-10.0,271,-0.24000010243616998,ok,11.962385624996386
4852b1f25bf5,1.0,1.0,1.0,-5.0,42,-0.24000004399567842,ok,8.871973457979038
4852b1f25bf5,1.0,1.0,1.0,-5.0,7,-0.23999995039775968,ok,9.28674970800057
4852b1f25bf5,1.0,1.0,1.0,-5.0,123,-0.2400000155903399,ok,9.37923804204911
4852b1f25bf5,1.0,1.0,1.0,-5.0,314,-0.43024784908629954,ok,8.952575834002346
4852b1f25bf5,1.0,1.0,1.0,-5.0,271,-0.24000010243616998,ok,12.24136454204563
64f663462580,1.0,1.0,1.0,-1.0,42,-0.24000004399567842,ok,9.103840625029989
64f663462580,1.0,1.0,1.0,-1.0,7,-0.23999995039775968,ok,9.5201796250185
64f663462580,1.0,1.0,1.0,-1.0,123,-0.2400000155903399,ok,9.188610667013563
64f663462580,1.0,1.0,1.0,-1.0,314,-0.43024784908629954,ok,8.918163958005607
64f663462580,1.0,1.0,1.0,-1.0,271,-0.24000010243616998,ok,12.122399416053668
3361dc5c30bd,1.0,2.0,0.0,-10.0,42,-0.8400000315159559,ok,9.034133750014007
3361dc5c30bd,1.0,2.0,0.0,-10.0,7,-0.8155554826371372,ok,9.098216749960557
3361dc5c30bd,1.0,2.0,0.0,-10.0,123,-0.8399999313987792,ok,8.99455899989698
3361dc5c30bd,1.0,2.0,0.0,-10.0,314,-0.9666116517037153,ok,9.154219042044133
3361dc5c30bd,1.0,2.0,0.0,-10.0,271,-0.8400000093970448,ok,11.817813833942637
2b137d769936,1.0,2.0,0.0,-5.0,42,-0.8400000315159559,ok,9.658043624949642
2b137d769936,1.0,2.0,0.0,-5.0,7,-0.8155554826371372,ok,9.420846374938264
2b137d769936,1.0,2.0,0.0,-5.0,123,-0.8399999313987792,ok,9.321912084007636
2b137d769936,1.0,2.0,0.0,-5.0,314,-0.9666116517037153,ok,9.147428625030443
2b137d769936,1.0,2.0,0.0,-5.0,271,-0.8400000093970448,ok,12.310836209100671
57ca82d8213f,1.0,2.0,0.0,-1.0,42,-0.8400000315159559,ok,9.460384040954523
57ca82d8213f,1.0,2.0,0.0,-1.0,7,-0.8155554826371372,ok,9.522993332939222
57ca82d8213f,1.0,2.0,0.0,-1.0,123,-0.8399999313987792,ok,9.187724874936976
57ca82d8213f,1.0,2.0,0.0,-1.0,314,-0.9666116517037153,ok,8.98804608406499
57ca82d8213f,1.0,2.0,0.0,-1.0,271,-0.8400000093970448,ok,12.44633954204619
58321ee61032,1.0,2.0,0.5,-10.0,42,-0.6400000229477882,ok,9.163650249945931
58321ee61032,1.0,2.0,0.5,-10.0,7,-0.5155555158853531,ok,9.21917474991642
58321ee61032,1.0,2.0,0.5,-10.0,123,-0.6400000234134495,ok,9.081885249936022
58321ee61032,1.0,2.0,0.5,-10.0,314,-0.8484297767281532,ok,9.022809625021182
58321ee61032,1.0,2.0,0.5,-10.0,271,-0.6400000709109008,ok,12.255327833001502
78ab4d5a8bd5,1.0,2.0,0.5,-5.0,42,-0.6400000229477882,ok,9.187593167065643
78ab4d5a8bd5,1.0,2.0,0.5,-5.0,7,-0.5155555158853531,ok,10.049027874949388
78ab4d5a8bd5,1.0,2.0,0.5,-5.0,123,-0.6400000234134495,ok,9.311893500038423
78ab4d5a8bd5,1.0,2.0,0.5,-5.0,314,-0.8484297767281532,ok,9.164662499912083
78ab4d5a8bd5,1.0,2.0,0.5,-5.0,271,-0.6400000709109008,ok,12.139093999983743
e92d7a0b575f,1.0,2.0,0.5,-1.0,42,-0.6400000229477882,ok,9.175872499938123
e92d7a0b575f,1.0,2.0,0.5,-1.0,7,-0.5155555158853531,ok,9.279449125053361
e92d7a0b575f,1.0,2.0,0.5,-1.0,123,-0.6400000234134495,ok,9.215215125004761
e92d7a0b575f,1.0,2.0,0.5,-1.0,314,-0.8484297767281532,ok,9.061567040975206
e92d7a0b575f,1.0,2.0,0.5,-1.0,271,-0.6400000709109008,ok,12.516062124981545
1ade749b68e3,1.0,2.0,1.0,-10.0,42,-0.4400000423192978,ok,9.227623082930222
1ade749b68e3,1.0,2.0,1.0,-10.0,7,-0.43999988678842783,ok,9.055893291952088
1ade749b68e3,1.0,2.0,1.0,-10.0,123,-0.43999996269121766,ok,9.24070208298508
1ade749b68e3,1.0,2.0,1.0,-10.0,314,-0.7302479688078165,ok,9.093532208004035
1ade749b68e3,1.0,2.0,1.0,-10.0,271,-0.44000013126060367,ok,11.954963624943048
8f3e29426fe4,1.0,2.0,1.0,-5.0,42,-0.4400000423192978,ok,9.256259875022806
8f3e29426fe4,1.0,2.0,1.0,-5.0,7,-0.43999988678842783,ok,9.261822458938695
8f3e29426fe4,1.0,2.0,1.0,-5.0,123,-0.43999996269121766,ok,15.093805790995248
8f3e29426fe4,1.0,2.0,1.0,-5.0,314,-0.7302479688078165,ok,9.892596250050701
8f3e29426fe4,1.0,2.0,1.0,-5.0,271,-0.44000013126060367,ok,12.138317415956408
4e5a0ad342e4,1.0,2.0,1.0,-1.0,42,-0.4400000423192978,ok,9.215918999980204
4e5a0ad342e4,1.0,2.0,1.0,-1.0,7,-0.43999988678842783,ok,9.101084832916968
4e5a0ad342e4,1.0,2.0,1.0,-1.0,123,-0.43999996269121766,ok,9.629404166946188
4e5a0ad342e4,1.0,2.0,1.0,-1.0,314,-0.7302479688078165,ok,8.914075249922462
4e5a0ad342e4,1.0,2.0,1.0,-1.0,271,-0.44000013126060367,ok,11.896503082942218
f531996d3bde,2.0,0.5,0.0,-10.0,42,-0.9800000805407763,ok,8.890638541895896
f531996d3bde,2.0,0.5,0.0,-10.0,7,-1.0533333350904286,ok,9.124797667027451
f531996d3bde,2.0,0.5,0.0,-10.0,123,-0.9799999974202365,ok,9.19332208391279
f531996d3bde,2.0,0.5,0.0,-10.0,314,-0.8832231427077203,ok,9.363706000032835
f531996d3bde,2.0,0.5,0.0,-10.0,271,-0.9800000147661194,ok,12.112441707984544
87f0b9d77c8e,2.0,0.5,0.0,-5.0,42,-0.9800000805407763,ok,9.03828816593159
87f0b9d77c8e,2.0,0.5,0.0,-5.0,7,-1.0533333350904286,ok,9.465859374962747
87f0b9d77c8e,2.0,0.5,0.0,-5.0,123,-0.9799999974202365,ok,19.39397629199084
87f0b9d77c8e,2.0,0.5,0.0,-5.0,314,-0.8832231427077203,ok,12.694561625015922
87f0b9d77c8e,2.0,0.5,0.0,-5.0,271,-0.9800000147661194,ok,13.568139916984364
687e3d1df78c,2.0,0.5,0.0,-1.0,42,-0.9800000805407763,ok,10.34243095794227
687e3d1df78c,2.0,0.5,0.0,-1.0,7,-1.0533333350904286,ok,12.74904654105194
687e3d1df78c,2.0,0.5,0.0,-1.0,123,-0.9799999974202365,ok,10.848675790941343
687e3d1df78c,2.0,0.5,0.0,-1.0,314,-0.8832231427077203,ok,10.273312875069678
687e3d1df78c,2.0,0.5,0.0,-1.0,271,-0.9800000147661194,ok,13.517940790974535
aa7bc0027183,2.0,0.5,0.5,-10.0,42,-0.7799999341368675,ok,10.424326000036672
aa7bc0027183,2.0,0.5,0.5,-10.0,7,-0.7800000309944153,ok,9.564635833026841
aa7bc0027183,2.0,0.5,0.5,-10.0,123,-0.7799999804701656,ok,9.838038583984599
aa7bc0027183,2.0,0.5,0.5,-10.0,314,-0.7650412908988073,ok,9.548265540972352
aa7bc0027183,2.0,0.5,0.5,-10.0,271,-0.7800000075949356,ok,12.835024458006956
92a8d8322b74,2.0,0.5,0.5,-5.0,42,-0.7799999341368675,ok,9.590121958986856
92a8d8322b74,2.0,0.5,0.5,-5.0,7,-0.7800000309944153,ok,9.33458983397577
92a8d8322b74,2.0,0.5,0.5,-5.0,123,-0.7799999804701656,ok,9.288682249956764
92a8d8322b74,2.0,0.5,0.5,-5.0,314,-0.7650412908988073,ok,9.209155208081938
92a8d8322b74,2.0,0.5,0.5,-5.0,271,-0.7800000075949356,ok,12.351810374995694
3d2922def7d1,2.0,0.5,0.5,-1.0,42,-0.7799999341368675,ok,10.07750766701065
3d2922def7d1,2.0,0.5,0.5,-1.0,7,-0.7800000309944153,ok,9.451208208105527
3d2922def7d1,2.0,0.5,0.5,-1.0,123,-0.7799999804701656,ok,10.171034625032917
3d2922def7d1,2.0,0.5,0.5,-1.0,314,-0.7650412908988073,ok,12.43665654095821
3d2922def7d1,2.0,0.5,0.5,-1.0,271,-0.7800000075949356,ok,14.573622458032332
b3b6ac69c533,2.0,0.5,1.0,-10.0,42,-0.5799999870359898,ok,11.391992541961372
b3b6ac69c533,2.0,0.5,1.0,-10.0,7,-0.5800000508315861,ok,9.75364808307495
b3b6ac69c533,2.0,0.5,1.0,-10.0,123,-0.5799999737646431,ok,8.91794287506491
b3b6ac69c533,2.0,0.5,1.0,-10.0,314,-0.6468595158075913,ok,9.328720958088525
b3b6ac69c533,2.0,0.5,1.0,-10.0,271,-0.5799999794689938,ok,12.097604042035528
f9c84b5c7125,2.0,0.5,1.0,-5.0,42,-0.5799999870359898,ok,9.471451875055209
f9c84b5c7125,2.0,0.5,1.0,-5.0,7,-0.5800000508315861,ok,9.18705166701693
f9c84b5c7125,2.0,0.5,1.0,-5.0,123,-0.5799999737646431,ok,9.10037308302708
f9c84b5c7125,2.0,0.5,1.0,-5.0,314,-0.6468595158075913,ok,9.54103554203175
f9c84b5c7125,2.0,0.5,1.0,-5.0,271,-0.5799999794689938,ok,12.426251583034173
c019bbcf9713,2.0,0.5,1.0,-1.0,42,-0.5799999870359898,ok,9.427620041067712
c019bbcf9713,2.0,0.5,1.0,-1.0,7,-0.5800000508315861,ok,9.151980040944181
c019bbcf9713,2.0,0.5,1.0,-1.0,123,-0.5799999737646431,ok,9.194038541056216
c019bbcf9713,2.0,0.5,1.0,-1.0,314,-0.6468595158075913,ok,9.51606312498916
c019bbcf9713,2.0,0.5,1.0,-1.0,271,-0.5799999794689938,ok,12.70914737507701
925eda5e9ded,2.0,1.0,0.0,-10.0,42,-1.079999995417893,ok,9.820463750045747
925eda5e9ded,2.0,1.0,0.0,-10.0,7,-0.7311111097224057,ok,9.515376084018499
925eda5e9ded,2.0,1.0,0.0,-10.0,123,-1.0800000303424895,ok,9.589113709051162
925eda5e9ded,2.0,1.0,0.0,-10.0,314,-1.0332231221254915,ok,10.02818008302711
925eda5e9ded,2.0,1.0,0.0,-10.0,271,-1.0800000310409814,ok,14.571994708036073
2527c0b28198,2.0,1.0,0.0,-5.0,42,-1.079999995417893,ok,9.98358229198493
2527c0b28198,2.0,1.0,0.0,-5.0,7,-0.7311111097224057,ok,9.887627208023332
2527c0b28198,2.0,1.0,0.0,-5.0,123,-1.0800000303424895,ok,9.483645332977176
2527c0b28198,2.0,1.0,0.0,-5.0,314,-1.0332231221254915,ok,9.801009500049986
2527c0b28198,2.0,1.0,0.0,-5.0,271,-1.0800000310409814,ok,12.801912916009314
72501a929b04,2.0,1.0,0.0,-1.0,42,-1.079999995417893,ok,10.124081582995132
72501a929b04,2.0,1.0,0.0,-1.0,7,-0.7311111097224057,ok,10.74643954099156
72501a929b04,2.0,1.0,0.0,-1.0,123,-1.0800000303424895,ok,10.41263825003989
72501a929b04,2.0,1.0,0.0,-1.0,314,-1.0332231221254915,ok,10.094072292093188
72501a929b04,2.0,1.0,0.0,-1.0,271,-1.0800000310409814,ok,14.513067624997348
6024145f6015,2.0,1.0,0.5,-10.0,42,-0.8799999547190964,ok,10.629199624992907
6024145f6015,2.0,1.0,0.5,-10.0,7,-0.4311111276037991,ok,10.088973707985133
6024145f6015,2.0,1.0,0.5,-10.0,123,-0.8800000171177089,ok,10.959982250002213
6024145f6015,2.0,1.0,0.5,-10.0,314,-0.9150413505267352,ok,9.674689792096615
6024145f6015,2.0,1.0,0.5,-10.0,271,-0.8800000397022814,ok,12.465767999994569
fa7dddec83c0,2.0,1.0,0.5,-5.0,42,-0.8799999547190964,ok,10.004583167028613
fa7dddec83c0,2.0,1.0,0.5,-5.0,7,-0.4311111276037991,ok,10.4820286660688
fa7dddec83c0,2.0,1.0,0.5,-5.0,123,-0.8800000171177089,ok,10.180541332927532
fa7dddec83c0,2.0,1.0,0.5,-5.0,314,-0.9150413505267352,ok,10.777805124991573
fa7dddec83c0,2.0,1.0,0.5,-5.0,271,-0.8800000397022814,ok,13.061209958977997
792976991bf9,2.0,1.0,0.5,-1.0,42,-0.8799999547190964,ok,10.491004916955717
792976991bf9,2.0,1.0,0.5,-1.0,7,-0.4311111276037991,ok,9.964644041960128
792976991bf9,2.0,1.0,0.5,-1.0,123,-0.8800000171177089,ok,9.379974834038876
792976991bf9,2.0,1.0,0.5,-1.0,314,-0.9150413505267352,ok,9.626589499996044
792976991bf9,2.0,1.0,0.5,-1.0,271,-0.8800000397022814,ok,12.600347709027119
fe12f22c094d,2.0,1.0,1.0,-10.0,42,-0.6799999810755253,ok,9.906314249965362
fe12f22c094d,2.0,1.0,1.0,-10.0,7,-0.6800000844523311,ok,10.512220834032632
fe12f22c094d,2.0,1.0,1.0,-10.0,123,-0.6799999377690256,ok,9.496818040963262
fe12f22c094d,2.0,1.0,1.0,-10.0,314,-0.7968595032580196,ok,9.288244958035648
fe12f22c094d,2.0,1.0,1.0,-10.0,271,-0.6800000809598714,ok,12.185108875040896
137dc597c435,2.0,1.0,1.0,-5.0,42,-0.6799999810755253,ok,9.638274584081955
137dc597c435,2.0,1.0,1.0,-5.0,7,-0.6800000844523311,ok,9.496240167063661
137dc597c435,2.0,1.0,1.0,-5.0,123,-0.6799999377690256,ok,9.118682207888924
137dc597c435,2.0,1.0,1.0,-5.0,314,-0.7968595032580196,ok,9.017742292024195
137dc597c435,2.0,1.0,1.0,-5.0,271,-0.6800000809598714,ok,12.077266040956602
9ca803b6716b,2.0,1.0,1.0,-1.0,42,-0.6799999810755253,ok,9.112370625021867
9ca803b6716b,2.0,1.0,1.0,-1.0,7,-0.6800000844523311,ok,9.0896070409799
9ca803b6716b,2.0,1.0,1.0,-1.0,123,-0.6799999377690256,ok,9.181680292007513
9ca803b6716b,2.0,1.0,1.0,-1.0,314,-0.7968595032580196,ok,9.31843508395832
9ca803b6716b,2.0,1.0,1.0,-1.0,271,-0.6800000809598714,ok,12.032282792031765
c30978b31fc7,2.0,2.0,0.0,-10.0,42,-1.2800000328570604,ok,9.08364991704002
c30978b31fc7,2.0,2.0,0.0,-10.0,7,-1.0311110522598028,ok,11.411972541944124
c30978b31fc7,2.0,2.0,0.0,-10.0,123,-1.2800000309944153,ok,10.091179791954346
c30978b31fc7,2.0,2.0,0.0,-10.0,314,-1.3332232143729925,ok,9.225079749943689
c30978b31fc7,2.0,2.0,0.0,-10.0,271,-1.28000005800277,ok,13.04424741701223
5e862840de15,2.0,2.0,0.0,-5.0,42,-1.2800000328570604,ok,9.326245708973147
5e862840de15,2.0,2.0,0.0,-5.0,7,-1.0311110522598028,ok,9.451787041965872
5e862840de15,2.0,2.0,0.0,-5.0,123,-1.2800000309944153,ok,9.901519416947849
5e862840de15,2.0,2.0,0.0,-5.0,314,-1.3332232143729925,ok,9.594166332972236
5e862840de15,2.0,2.0,0.0,-5.0,271,-1.28000005800277,ok,12.333379584015347
39d49b2c0c53,2.0,2.0,0.0,-1.0,42,-1.2800000328570604,ok,9.166795041994192
39d49b2c0c53,2.0,2.0,0.0,-1.0,7,-1.0311110522598028,ok,9.737593541038223
39d49b2c0c53,2.0,2.0,0.0,-1.0,123,-1.2800000309944153,ok,9.456563499988988
39d49b2c0c53,2.0,2.0,0.0,-1.0,314,-1.3332232143729925,ok,9.204586458974518
39d49b2c0c53,2.0,2.0,0.0,-1.0,271,-1.28000005800277,ok,12.578420499921776
dd6df3bcf292,2.0,2.0,0.5,-10.0,42,-1.0799999325536191,ok,10.179924833006226
dd6df3bcf292,2.0,2.0,0.5,-10.0,7,-0.7311110598966479,ok,9.3974993750453
dd6df3bcf292,2.0,2.0,0.5,-10.0,123,-1.0800000121816993,ok,9.26382204098627
dd6df3bcf292,2.0,2.0,0.5,-10.0,314,-1.2150413594208658,ok,8.915094375028275
dd6df3bcf292,2.0,2.0,0.5,-10.0,271,-1.0800000852905214,ok,11.979076375020668
b8bc08264d7b,2.0,2.0,0.5,-5.0,42,-1.0799999325536191,ok,9.191362875048071
b8bc08264d7b,2.0,2.0,0.5,-5.0,7,-0.7311110598966479,ok,9.11077454208862
b8bc08264d7b,2.0,2.0,0.5,-5.0,123,-1.0800000121816993,ok,8.946091208024882
b8bc08264d7b,2.0,2.0,0.5,-5.0,314,-1.2150413594208658,ok,9.02119904209394
b8bc08264d7b,2.0,2.0,0.5,-5.0,271,-1.0800000852905214,ok,11.98488595802337
8140a1b9b5ef,2.0,2.0,0.5,-1.0,42,-1.0799999325536191,ok,9.275211250060238
8140a1b9b5ef,2.0,2.0,0.5,-1.0,7,-0.7311110598966479,ok,9.112654666998424
8140a1b9b5ef,2.0,2.0,0.5,-1.0,123,-1.0800000121816993,ok,9.0373099159915
8140a1b9b5ef,2.0,2.0,0.5,-1.0,314,-1.2150413594208658,ok,8.994642041041516
8140a1b9b5ef,2.0,2.0,0.5,-1.0,271,-1.0800000852905214,ok,11.949259459041059
97e0ecab5407,2.0,2.0,1.0,-10.0,42,-0.880000052973628,ok,9.191460457979701
97e0ecab5407,2.0,2.0,1.0,-10.0,7,-0.8800001665949821,ok,9.638186958036385
97e0ecab5407,2.0,2.0,1.0,-10.0,123,-0.879999847151339,ok,8.900700791040435
97e0ecab5407,2.0,2.0,1.0,-10.0,314,-1.09685965673998,ok,8.932439625030383
97e0ecab5407,2.0,2.0,1.0,-10.0,271,-0.8800000878982246,ok,11.874601916992106
f06b2c9ae2de,2.0,2.0,1.0,-5.0,42,-0.880000052973628,ok,9.042742541991174
f06b2c9ae2de,2.0,2.0,1.0,-5.0,7,-0.8800001665949821,ok,9.119540625018999
f06b2c9ae2de,2.0,2.0,1.0,-5.0,123,-0.879999847151339,ok,9.147348582977429
f06b2c9ae2de,2.0,2.0,1.0,-5.0,314,-1.09685965673998,ok,9.1130461669527
f06b2c9ae2de,2.0,2.0,1.0,-5.0,271,-0.8800000878982246,ok,12.28125887492206
3ac8460954e9,2.0,2.0,1.0,-1.0,42,-0.880000052973628,ok,8.996468415949494
3ac8460954e9,2.0,2.0,1.0,-1.0,7,-0.8800001665949821,ok,9.057159750023857
3ac8460954e9,2.0,2.0,1.0,-1.0,123,-0.879999847151339,ok,8.946502708015032
3ac8460954e9,2.0,2.0,1.0,-1.0,314,-1.09685965673998,ok,9.080008500022814
3ac8460954e9,2.0,2.0,1.0,-1.0,271,-0.8800000878982246,ok,11.916017125011422
